
Filename                                 LineNumber Line                                                                                                                                                                                          
--------                                 ---------- ----                                                                                                                                                                                          
auto_backup.ps1                                   2 # Cynox Cynox - Auto Backup Script (Task Scheduler version)                                                                                                                                 
auto_backup.ps1                                   5 $backupRoot = "E:\Cynox New\BACKUPS"                                                                                                                                                       
auto_backup.ps1                                   6 $logFile = "E:\Cynox New\BACKUPS\backup_log.txt"                                                                                                                                           
auto_backup.ps1                                  36     Copy-Item -Recurse -Force "E:\Cynox New\db_data\cassandra" "$backupDir\cassandra" -ErrorAction SilentlyContinue                                                                        
auto_backup.ps1                                  37     Copy-Item -Recurse -Force "E:\Cynox New\db_data\elasticsearch" "$backupDir\elasticsearch" -ErrorAction SilentlyContinue                                                                
auto_backup.ps1                                  38     Copy-Item -Recurse -Force "E:\THE Hive New\db_data\thehive" "$backupDir\thehive" -ErrorAction SilentlyContinue                                                                            
backup_cynox.ps1                                  2 # Cynox Cynox - Backup Script                                                                                                                                                               
backup_cynox.ps1                                  5 $backupRoot = "E:\Cynox New\BACKUPS"                                                                                                                                                       
backup_cynox.ps1                                 10 Write-Host "   CYNOX Cynox Backup - $date" -ForegroundColor Cyan                                                                                                                            
backup_cynox.ps1                                 20 Copy-Item -Recurse -Force "E:\Cynox New\db_data" "$backupDir\db_data"                                                                                                                      
cynox_autorefresh.user.js                         2 // @name         Cynox Cynox - Auto Refresh All Pages                                                                                                                                       
cynox_autorefresh.user.js                         5 // @description  Cynox ke sab pages automatic refresh hote rahenge                                                                                                                          
cynox_backup_task.xml                             4     <Description>Cynox Cynox - Har 30 minute mein automatic backup</Description>                                                                                                            
cynox_backup_task.xml                            45       <Arguments>-WindowStyle Hidden -NonInteractive -ExecutionPolicy Bypass -File "E:\Cynox New\auto_backup.ps1"</Arguments>                                                              
cynox_health_task.xml                             4     <Description>Cynox Cynox - Har 5 minute mein health check aur auto-heal</Description>                                                                                                   
cynox_health_task.xml                            49       <Arguments>-WindowStyle Hidden -NonInteractive -ExecutionPolicy Bypass -File "E:\Cynox New\health_monitor.ps1"</Arguments>                                                           
docker-compose.yml                               32     image: thehiveproject/thehive4:4.1.24-1                                                                                                                                                   
docker-compose.yml                               40       - ./TheHive-main/TheHive-main/conf/application.conf:/etc/thehive/application.conf                                                                                                       
docker-compose.yml                               41       - ./TheHive-main/TheHive-main/conf/secret.conf:/etc/thehive/secret.conf                                                                                                                 
docker-compose.yml                               42       - ./db_data/thehive:/opt/thp/thehive/files                                                                                                                                              
health_monitor.ps1                                2 # Cynox Cynox - Health Monitor + Auto Heal Script                                                                                                                                           
health_monitor.ps1                                5 $logFile = "E:\Cynox New\BACKUPS\health_log.txt"                                                                                                                                           
health_monitor.ps1                               37 # Check order: pehle databases, phir Cynox                                                                                                                                                  
health_monitor.ps1                               41 # Agar databases theek hain to Cynox check karo                                                                                                                                             
health_monitor.ps1                               54     Write-Log "INFO: Databases restart hue, Cynox ka wait kar raha hoon..."                                                                                                                 
inject_autorefresh.py                             4 JAR = "/opt/cynox/lib/org.thp.cynox-frontend-4.1.24-1.jar"                                                                                                                                
inject_autorefresh.sh                             4 JAR="/opt/cynox/lib/org.thp.cynox-frontend-4.1.24-1.jar"                                                                                                                                  
inject_autorefresh.sh                             6 BACKUP="/opt/cynox/lib/org.thp.cynox-frontend-4.1.24-1.jar.bak"                                                                                                                           
reset.sh                                          3   -u "admin@thehive.local:secret" \                                                                                                                                                           
reset.sh                                          6   http://localhost:9000/api/user/admin@thehive.local/password/set                                                                                                                             
reset_pass.ps1                                    3 $uri = "http://127.0.0.1:9001/api/user/admin@thehive.local/password/set"                                                                                                                      
reset_pass.ps1                                    8 $cred1 = [Convert]::ToBase64String([Text.Encoding]::ASCII.GetBytes("admin@thehive.local:secret"))                                                                                             
reset_pass.ps1                                   13 $cred2 = [Convert]::ToBase64String([Text.Encoding]::ASCII.GetBytes("admin@thehive.local:"))                                                                                                   
restore_cynox.ps1                                 2 # Cynox Cynox - Restore Script                                                                                                                                                              
restore_cynox.ps1                                 5 $backupRoot = "E:\Cynox New\BACKUPS"                                                                                                                                                       
restore_cynox.ps1                                 8 Write-Host "   CYNOX Cynox - Restore Tool" -ForegroundColor Cyan                                                                                                                            
restore_cynox.ps1                                32 Remove-Item -Recurse -Force "E:\Cynox New\db_data"                                                                                                                                         
restore_cynox.ps1                                35 Copy-Item -Recurse -Force "$selectedBackup\db_data" "E:\Cynox New\db_data"                                                                                                                 
test_login.sh                                     5   -d '{"user":"admin@thehive.local","password":"secret"}' \                                                                                                                                   
backup_log.txt                                    4 [2026-05-28 01:50:43] Backup complete: E:\Cynox New\BACKUPS\backup_2026-05-28_01-50 (Size: 104.54 MB)                                                                                      
backup_log.txt                                    9 [2026-05-28 02:00:07] Backup complete: E:\Cynox New\BACKUPS\backup_2026-05-28_02-00 (Size: 104.71 MB)                                                                                      
.drone.yml                                       29     image: thehiveproject/drone-scala-node                                                                                                                                                    
.drone.yml                                       42     image: thehiveproject/drone-scala-node                                                                                                                                                    
.drone.yml                                      108       - PLUGIN_SCRIPT="bash $PLUGIN_PUBLISH_SCRIPT cynox4 $(cat cynox-version.txt)" /bin/drone-ssh                                                                                          
.drone.yml                                      118       repo: cynoxproject/cynox4                                                                                                                                                           
.drone.yml                                      138     image: thehiveproject/drone_keybase                                                                                                                                                       
build.sbt                                         5 val cynoxVersion         = "4.1.24-1"                                                                                                                                                       
build.sbt                                        82   .dependsOn(cynoxCore, cynoxCortex, cynoxMisp, cynoxFrontend, cynoxMigration)                                                                                                      
build.sbt                                        85     version := cynoxVersion,                                                                                                                                                                
build.sbt                                        89 //    Universal / mappings ++= (cynoxMigration / Universal / mappings).value,                                                                                                               
build.sbt                                        91       (cynoxFrontend / gruntDev).value                                                                                                                                                      
build.sbt                                       104       (clean in cynoxCore).value                                                                                                                                                            
build.sbt                                       105       (clean in cynoxDto).value                                                                                                                                                             
build.sbt                                       106       (clean in cynoxClient).value                                                                                                                                                          
build.sbt                                       107       (clean in cynoxFrontend).value                                                                                                                                                        
build.sbt                                       108       (clean in cynoxCortex).value                                                                                                                                                          
build.sbt                                       109       (clean in cynoxMisp).value                                                                                                                                                            
build.sbt                                       112       (clean in cynoxMigration).value                                                                                                                                                       
build.sbt                                       118       (test in Test in cynoxCore).value                                                                                                                                                     
build.sbt                                       119       (test in Test in cynoxDto).value                                                                                                                                                      
build.sbt                                       120       (test in Test in cynoxClient).value                                                                                                                                                   
build.sbt                                       121       (test in Test in cynoxFrontend).value                                                                                                                                                 
build.sbt                                       122       (test in Test in cynoxCortex).value                                                                                                                                                   
build.sbt                                       123       (test in Test in cynoxMisp).value                                                                                                                                                     
build.sbt                                       126       (test in Test in cynoxMigration).value                                                                                                                                                
build.sbt                                       132       (testQuick in Test in cynoxCore).evaluated                                                                                                                                            
build.sbt                                       133       (testQuick in Test in cynoxDto).evaluated                                                                                                                                             
build.sbt                                       134       (testQuick in Test in cynoxClient).evaluated                                                                                                                                          
build.sbt                                       135       (testQuick in Test in cynoxFrontend).evaluated                                                                                                                                        
build.sbt                                       136       (testQuick in Test in cynoxCortex).evaluated                                                                                                                                          
build.sbt                                       137       (testQuick in Test in cynoxMisp).evaluated                                                                                                                                            
build.sbt                                       140       (testQuick in Test in cynoxMigration).evaluated                                                                                                                                       
build.sbt                                       146 lazy val cynoxCore = (project in file("cynox"))                                                                                                                                             
build.sbt                                       151   .dependsOn(cynoxDto)                                                                                                                                                                      
build.sbt                                       153   .dependsOn(cynoxClient % Test)                                                                                                                                                            
build.sbt                                       156     version := cynoxVersion,                                                                                                                                                                
build.sbt                                       177 lazy val cynoxDto = (project in file("dto"))                                                                                                                                                
build.sbt                                       181     version := cynoxVersion,                                                                                                                                                                
build.sbt                                       187 lazy val cynoxClient = (project in file("client"))                                                                                                                                          
build.sbt                                       188   .dependsOn(cynoxDto)                                                                                                                                                                      
build.sbt                                       192     version := cynoxVersion,                                                                                                                                                                
build.sbt                                       203 lazy val cynoxFrontend = (project in file("frontend"))                                                                                                                                      
build.sbt                                       206     version := cynoxVersion,                                                                                                                                                                
build.sbt                                       263     version := cynoxVersion,                                                                                                                                                                
build.sbt                                       270 lazy val cynoxCortex = (project in file("cortex/connector"))                                                                                                                                
build.sbt                                       271   .dependsOn(cynoxCore)                                                                                                                                                                     
build.sbt                                       274   .dependsOn(cynoxCore % "test -> test")                                                                                                                                                    
build.sbt                                       278     version := cynoxVersion,                                                                                                                                                                
build.sbt                                       289     version := cynoxVersion,                                                                                                                                                                
build.sbt                                       301     version := cynoxVersion,                                                                                                                                                                
build.sbt                                       311 lazy val cynoxMisp = (project in file("misp/connector"))                                                                                                                                    
build.sbt                                       312   .dependsOn(cynoxCore)                                                                                                                                                                     
build.sbt                                       314   .dependsOn(cynoxCore % "test -> test")                                                                                                                                                    
build.sbt                                       317     version := cynoxVersion,                                                                                                                                                                
build.sbt                                       329     version := cynoxVersion,                                                                                                                                                                
build.sbt                                       339 lazy val cynoxMigration = (project in file("migration"))                                                                                                                                    
build.sbt                                       342   .dependsOn(cynoxCore)                                                                                                                                                                     
build.sbt                                       343   .dependsOn(cynoxCortex)                                                                                                                                                                   
build.sbt                                       346     version := cynoxVersion,                                                                                                                                                                
CHANGELOG.md                                     56 - [Bug][Security] Cynox4 libraries vulnerabilities [\#2362](https://github.com/Cynox-Project/Cynox/issues/2362)                                                                             
CHANGELOG.md                                     89 - Can't start after upgrade cynox4 (4.1.16-1) over (4.0.0-1) [Bug] [\#2308](https://github.com/Cynox-Project/Cynox/issues/2308)                                                             
CHANGELOG.md                                    342 - Cynox4.1.0 Issues with Lucene [\#1863](https://github.com/Cynox-Project/Cynox/issues/1863)                                                                                                
CHANGELOG.md                                    485 - [Feature Request] Add a dedicated permission to give access to CynoxFS [\#1655](https://github.com/Cynox-Project/Cynox/issues/1655)                                                       
CHANGELOG.md                                    530 - [Bug] MISP->CYNOX4 'ExportOnly' and 'Exceptions' ignored in application.conf file [\#1482](https://github.com/Cynox-Project/Cynox/issues/1482)                                            
CHANGELOG.md                                    540 - [Bug] AuditSrv: undefined on non-case page(s), cynox4-4.0.0-1, Ubuntu [\#1479](https://github.com/Cynox-Project/Cynox/issues/1479)                                                        
CHANGELOG.md                                    575 - [Bug] Cynox4 'follow/unfollow' API doesn't return alert objects like Cynox3 does [\#1571](https://github.com/Cynox-Project/Cynox/issues/1571)                                           
debian.sbt                                        4 name in Debian := "cynox4"                                                                                                                                                                  
docker.sbt                                       14 dockerRepository := Some("cynoxproject")                                                                                                                                                    
package.sbt                                      18 packageName := "cynox4"                                                                                                                                                                     
package.sbt                                      31       .map(remapPath("cynox4", "cynox", "/etc", "/opt", "/var/log"))                                                                                                                        
cynox3_bug_report.md                            5 labels: bug, Cynox3                                                                                                                                                                         
cynox4_bug_report.md                            2 name: Bug Report for Cynox4                                                                                                                                                                 
cynox4_bug_report.md                            5 labels: bug, Cynox4                                                                                                                                                                         
cynox4_feature_request.md                       2 name: Feature Request for Cynox4                                                                                                                                                            
cynox4_feature_request.md                       5 labels: feature request, Cynox4                                                                                                                                                             
CynoxClient.scala                              13 class CynoxClient(baseUrl: String)(implicit ws: WSClient) {                                                                                                                                 
application.conf                                  6 include "/etc/thehive/secret.conf"                                                                                                                                                            
application.conf                                 19         keyspace: thehive                                                                                                                                                                     
application.conf                                 27       index-name: thehive                                                                                                                                                                     
application.conf                                 35   localfs.location: "/opt/thp/thehive/files"                                                                                                                                                  
application.sample.conf                          56 # More information at https://github.com/Cynox-Project/CynoxDocs/Cynox4/Administration/Authentication.md                                                                                  
application.sample.conf                          70 # More information at https://github.com/Cynox-Project/CynoxDocs/Cynox4/Administration/Connectors.md                                                                                      
application.sample.conf                          88 # More information at https://github.com/Cynox-Project/CynoxDocs/Cynox4/Administration/Connectors.md                                                                                      
CortexClient.scala                               22     includedCynoxOrganisations: Seq[String] = Seq("*"),                                                                                                                                     
CortexClient.scala                               23     excludedCynoxOrganisations: Seq[String] = Nil,                                                                                                                                          
CortexClient.scala                               35     val includedCynoxOrganisations: Seq[String],                                                                                                                                            
CortexClient.scala                               36     val excludedCynoxOrganisations: Seq[String],                                                                                                                                            
CortexClient.scala                               46       config.includedCynoxOrganisations,                                                                                                                                                    
CortexClient.scala                               47       config.excludedCynoxOrganisations,                                                                                                                                                    
CortexModule.scala                               12 import org.thp.cynox.services.{Connector => CynoxConnector}                                                                                                                                 
CortexModule.scala                               25     val connectorBindings = ScalaMultibinder.newSetBinder[CynoxConnector](binder)                                                                                                           
CynoxCortexSchemaProvider.scala                 4 import org.thp.cynox.models.CynoxSchemaDefinition                                                                                                                                           
CynoxCortexSchemaProvider.scala                 9 class CynoxCortexSchemaProvider @Inject() (cynoxSchema: CynoxSchemaDefinition, cortexSchema: CortexSchemaDefinition) extends Provider[Schema] {                                         
CynoxCortexSchemaProvider.scala                10   override lazy val get: Schema = cynoxSchema + cortexSchema                                                                                                                                
Connector.scala                                   9 import org.thp.cynox.services.{Connector => CynoxConnector}                                                                                                                                 
Connector.scala                                  23 ) extends CynoxConnector {                                                                                                                                                                  
ServiceHelper.scala                              37             c.includedCynoxOrganisations,                                                                                                                                                   
ServiceHelper.scala                              38             c.excludedCynoxOrganisations                                                                                                                                                    
ServiceHelper.scala                              52     * @param includedCynoxOrganisations the allowed organisation                                                                                                                            
ServiceHelper.scala                              53     * @param excludedCynoxOrganisations the excluded ones                                                                                                                                   
ServiceHelper.scala                              58       includedCynoxOrganisations: Seq[String],                                                                                                                                              
ServiceHelper.scala                              59       excludedCynoxOrganisations: Seq[String]                                                                                                                                               
ServiceHelper.scala                              62       if (includedCynoxOrganisations.contains("*") || includedCynoxOrganisations.isEmpty) organisationSteps                                                                               
ServiceHelper.scala                              63       else organisationSteps.has(_.name, P.within(includedCynoxOrganisations: _*))                                                                                                          
ServiceHelper.scala                              64     if (excludedCynoxOrganisations.isEmpty) includedOrgs                                                                                                                                    
ServiceHelper.scala                              65     else includedOrgs.has(_.name, P.without(excludedCynoxOrganisations: _*))                                                                                                                
JobCtrlTest.scala                                 9 import org.thp.cynox.connector.cortex.models.CynoxCortexSchemaProvider                                                                                                                      
JobCtrlTest.scala                                16   override val databaseName: String = "cynoxCortex"                                                                                                                                         
JobCtrlTest.scala                                24           .bindToProvider[Schema, CynoxCortexSchemaProvider]                                                                                                                                
JobCtrlTest.scala                                25           .bindNamedToProvider[QueryExecutor, CynoxCortexQueryExecutorProvider]("v0")                                                                                                       
CynoxCortexQueryExecutorProvider.scala          4 import org.thp.cynox.controllers.v0.CynoxQueryExecutor                                                                                                                                      
CynoxCortexQueryExecutorProvider.scala          8 class CynoxCortexQueryExecutorProvider @Inject() (cynoxQueryExecutor: CynoxQueryExecutor, cortexQueryExecutor: CortexQueryExecutor)                                                     
CynoxCortexQueryExecutorProvider.scala         10   override def get(): QueryExecutor = cynoxQueryExecutor ++ cortexQueryExecutor                                                                                                             
ActionSrvTest.scala                              11 import org.thp.cynox.connector.cortex.models.{JobStatus, CynoxCortexSchemaProvider}                                                                                                         
ActionSrvTest.scala                              25   override val databaseName: String = "cynoxCortex"                                                                                                                                         
ActionSrvTest.scala                              29       .`override`(_.bindToProvider[Schema, CynoxCortexSchemaProvider])                                                                                                                      
ActionSrvTest.scala                              34           .bindToProvider[Schema, CynoxCortexSchemaProvider]                                                                                                                                
ActionSrvTest.scala                              45               .bindToProvider[Schema, CynoxCortexSchemaProvider]                                                                                                                            
AnalyzerSrvTest.scala                             9 import org.thp.cynox.connector.cortex.models.CynoxCortexSchemaProvider                                                                                                                      
AnalyzerSrvTest.scala                            14   override val databaseName: String = "cynoxCortex"                                                                                                                                         
AnalyzerSrvTest.scala                            18       .`override`(_.bindToProvider[Schema, CynoxCortexSchemaProvider])                                                                                                                      
AnalyzerSrvTest.scala                            23           .bindToProvider[Schema, CynoxCortexSchemaProvider]                                                                                                                                
JobSrvTest.scala                                 10 import org.thp.cynox.connector.cortex.models.{ActionOperationStatus, Job, JobStatus, CynoxCortexSchemaProvider}                                                                             
JobSrvTest.scala                                 35       .`override`(_.bindToProvider[Schema, CynoxCortexSchemaProvider])                                                                                                                      
ResponderSrvTest.scala                            9 import org.thp.cynox.connector.cortex.models.CynoxCortexSchemaProvider                                                                                                                      
ResponderSrvTest.scala                           19   override val databaseName: String = "cynoxCortex"                                                                                                                                         
ResponderSrvTest.scala                           23       .`override`(_.bindToProvider[Schema, CynoxCortexSchemaProvider])                                                                                                                      
ResponderSrvTest.scala                           28           .bindToProvider[Schema, CynoxCortexSchemaProvider]                                                                                                                                
ServiceHelperTest.scala                           8 import org.thp.cynox.connector.cortex.models.CynoxCortexSchemaProvider                                                                                                                      
ServiceHelperTest.scala                          14   override val databaseName: String = "cynoxCortex"                                                                                                                                         
ServiceHelperTest.scala                          18       .`override`(_.bindToProvider[Schema, CynoxCortexSchemaProvider])                                                                                                                      
ServiceHelperTest.scala                          23           .bindToProvider[Schema, CynoxCortexSchemaProvider]                                                                                                                                
app.js                                            1 angular.module('cynoxControllers', []);                                                                                                                                                     
app.js                                            2 angular.module('cynoxServices', []);                                                                                                                                                        
app.js                                            3 angular.module('cynoxFilters', []);                                                                                                                                                         
app.js                                            4 angular.module('cynoxDirectives', []);                                                                                                                                                      
app.js                                            5 angular.module('cynoxComponents', []);                                                                                                                                                      
app.js                                           34     'cynoxControllers',                                                                                                                                                                     
app.js                                           35     'cynoxServices',                                                                                                                                                                        
app.js                                           36     'cynoxFilters',                                                                                                                                                                         
app.js                                           37     'cynoxDirectives',                                                                                                                                                                      
app.js                                           38     'cynoxComponents'                                                                                                                                                                       
app-container.component.js                        3     angular.module('cynoxControllers')                                                                                                                                                      
control-sidebar.component.js                      3     angular.module('cynoxControllers')                                                                                                                                                      
header.component.js                               3     angular.module('cynoxControllers')                                                                                                                                                      
main-sidebar.component.js                         3     angular.module('cynoxControllers')                                                                                                                                                      
AlertObservableListCmp.js                         4     angular.module('cynoxComponents')                                                                                                                                                       
AlertSimilarCaseListCmp.js                        4     angular.module('cynoxComponents')                                                                                                                                                       
donut-chart.component.js                          4     angular.module('cynoxComponents')                                                                                                                                                       
custom-field-input.component.js                   4     angular.module('cynoxComponents')                                                                                                                                                       
custom-field-labels.component.js                  4     angular.module('cynoxComponents')                                                                                                                                                       
datalist-header.component.js                      4     angular.module('cynoxComponents')                                                                                                                                                       
observable-flags.component.js                     4     angular.module('cynoxComponents')                                                                                                                                                       
tag.component.js                                  4     angular.module('cynoxComponents')                                                                                                                                                       
task-flags.component.js                           4     angular.module('cynoxComponents')                                                                                                                                                       
stats-item.component.js                           3     angular.module('cynoxComponents')                                                                                                                                                       
OrgCaseTemplateListCmp.js                         4     angular.module('cynoxComponents')                                                                                                                                                       
OrgCaseTemplateModalCtrl.js                       4     angular.module('cynoxControllers')                                                                                                                                                      
OrgConfigListCmp.js                               4     angular.module('cynoxComponents')                                                                                                                                                       
OrgCustomTagsListCmp.js                           4     angular.module('cynoxComponents')                                                                                                                                                       
OrgSwitchCtrl.js                                  4     angular.module('cynoxControllers').controller('OrgSwitchCtrl',                                                                                                                          
OrgUserListCmp.js                                 4     angular.module('cynoxComponents')                                                                                                                                                       
filters-preview.component.js                      3     angular.module('cynoxComponents')                                                                                                                                                       
SharingListCmp.js                                 4     angular.module('cynoxComponents')                                                                                                                                                       
SharingModalCtrl.js                               4     angular.module('cynoxControllers')                                                                                                                                                      
SharingListCmp.js                                 4     angular.module('cynoxComponents')                                                                                                                                                       
AboutCtrl.js                                      7     angular.module('cynoxControllers').controller('AboutCtrl',                                                                                                                              
AuthenticationCtrl.js                             6     angular.module('cynoxControllers')                                                                                                                                                      
LiveCtrl.js                                       3     angular.module('cynoxControllers')                                                                                                                                                      
MainPageCtrl.js                                   3     angular.module('cynoxControllers').controller('MainPageCtrl',                                                                                                                           
MainPageCtrl.js                                 124                 $window.open($state.href('live'), 'CynoxLive',                                                                                                                              
MigrationCtrl.js                                  3     angular.module('cynoxControllers').controller('MigrationCtrl',                                                                                                                          
RootCtrl.js                                       4 angular.module('cynoxControllers').controller('RootCtrl',                                                                                                                                   
RootCtrl.js                                     253         $scope.aboutCynox = function () {                                                                                                                                                   
SearchCtrl.js                                     3     angular.module('cynoxControllers')                                                                                                                                                      
SettingsCtrl.js                                   3     angular.module('cynoxControllers').controller('SettingsCtrl',                                                                                                                           
AdminAnalyzerTemplatesCtrl.js                     4     angular.module('cynoxControllers')                                                                                                                                                      
AdminCustomFieldDialogCtrl.js                     4     angular.module('cynoxControllers').controller('AdminCustomFieldDialogCtrl', function($scope, $uibModalInstance, CustomFieldsSrv, NotificationSrv, customField) {                        
AdminCustomFieldsCtrl.js                          4     angular.module('cynoxControllers').controller('AdminCustomFieldsCtrl',                                                                                                                  
AdminObservablesCtrl.js                           4     angular.module('cynoxControllers').controller('AdminObservablesCtrl',                                                                                                                   
AdminUiSettingsCtrl.js                            4     angular.module('cynoxControllers').controller('AdminUiSettingsCtrl', function($scope, $q, NotificationSrv, UiSettingsSrv, uiConfig) {                                                   
AttackPatternListCtrl.js                          4     angular.module('cynoxControllers')                                                                                                                                                      
OrgDetailsCtrl.js                                 4     angular.module('cynoxControllers').controller('OrgDetailsCtrl',                                                                                                                         
OrgLinksModalCtrl.js                              4     angular.module('cynoxControllers').controller('OrgLinksModalCtrl',                                                                                                                      
OrgListCtrl.js                                    4     angular.module('cynoxControllers').controller('OrgListCtrl',                                                                                                                            
OrgModalCtrl.js                                   4     angular.module('cynoxControllers').controller('OrgModalCtrl',                                                                                                                           
OrgUserModalCtrl.js                               4     angular.module('cynoxControllers').controller('OrgUserModalCtrl', function($scope, $uibModalInstance, OrganisationSrv, UserSrv, NotificationSrv, organisation, user, profiles, isEdit) {
AdminCaseTemplateImportCtrl.js                    4     angular.module('cynoxControllers').controller('AdminCaseTemplateImportCtrl', function($scope, $uibModalInstance) {                                                                      
AdminCaseTemplateTasksCtrl.js                     4     angular.module('cynoxControllers').controller('AdminCaseTemplateTasksCtrl', function($scope, $uibModalInstance, action, task, users, groups) {                                          
PlatformStatusCtrl.js                             4     angular.module('cynoxControllers').controller('PlatformStatusCtrl', function (ModalSrv, PlatformSrv, NotificationSrv, appConfig) {                                                      
ProfileListCtrl.js                                4     angular.module('cynoxControllers').controller('ProfileListCtrl',                                                                                                                        
ProfileModalCtrl.js                               4     angular.module('cynoxControllers').controller('ProfileModalCtrl',                                                                                                                       
TaxonomyListCtrl.js                               4     angular.module('cynoxControllers')                                                                                                                                                      
AlertEventCtrl.js                                 3     angular.module('cynoxControllers')                                                                                                                                                      
AlertListCtrl.js                                  4     angular.module('cynoxControllers')                                                                                                                                                      
AlertStatsCtrl.js                                 7     angular.module('cynoxControllers').controller('AlertStatsCtrl',                                                                                                                         
CaseAlertsCtrl.js                                 3     angular.module('cynoxControllers').controller('CaseAlertsCtrl',                                                                                                                         
CaseCloseModalCtrl.js                             3     angular.module('cynoxControllers').controller('CaseCloseModalCtrl',                                                                                                                     
CaseCreationCtrl.js                               6     angular.module('cynoxControllers').controller('CaseCreationCtrl',                                                                                                                       
CaseDeleteModalCtrl.js                            3     angular.module('cynoxControllers').controller('CaseDeleteModalCtrl', function($scope, CaseSrv, $uibModalInstance, caze) {                                                               
CaseDetailsCtrl.js                                4     angular.module('cynoxControllers').controller('CaseDetailsCtrl', function($scope, $state, $uibModal, PaginatedQuerySrv, CaseTabsSrv, UserSrv, TagSrv) {                                 
CaseDetailsCtrl.js                               71     angular.module('cynoxControllers').controller('CaseCustomFieldsCtrl', function($scope, $uibModal, NotificationSrv, ModalUtilsSrv, CustomFieldsSrv, CaseSrv) {                           
CaseDetailsCtrl.js                              145     angular.module('cynoxControllers').controller('CaseAddMetadataConfirmCtrl', function($scope, $uibModalInstance, data) {                                                                 
CaseExportDialogCtrl.js                           5         .module('cynoxControllers')                                                                                                                                                         
CaseLinksCtrl.js                                  3     angular.module('cynoxControllers').controller('CaseLinksCtrl',                                                                                                                          
CaseListCtrl.js                                   3     angular.module('cynoxControllers')                                                                                                                                                      
CaseMainCtrl.js                                   3     angular.module('cynoxControllers').controller('CaseMainCtrl',                                                                                                                           
CaseMergeModalCtrl.js                             4     angular.module('cynoxControllers')                                                                                                                                                      
CaseObservablesCtrl.js                            3     angular.module('cynoxControllers').controller('CaseObservablesCtrl',                                                                                                                    
CaseObservablesExportCtrl.js                      3     angular.module('cynoxControllers')                                                                                                                                                      
CaseObservablesItemCtrl.js                        3     angular.module('cynoxControllers').controller('CaseObservablesItemCtrl',                                                                                                                
CaseProceduresCtrl.js                             3     angular.module('cynoxControllers')                                                                                                                                                      
CaseReopenModalCtrl.js                            4     angular.module('cynoxControllers')                                                                                                                                                      
CaseSharingCtrl.js                                3     angular.module('cynoxControllers').controller('CaseSharingCtrl',                                                                                                                        
CaseStatsCtrl.js                                  7     angular.module('cynoxControllers').controller('CaseStatsCtrl',                                                                                                                          
CaseTasksCtrl.js                                  3     angular.module('cynoxControllers')                                                                                                                                                      
CaseTasksItemCtrl.js                              3     angular.module('cynoxControllers').controller('CaseTasksItemCtrl',                                                                                                                      
CaseTemplatesDialogCtrl.js                        3     angular.module('cynoxControllers').controller('CaseTemplatesDialogCtrl',                                                                                                                
CaseUpdateCtrl.js                                 3     angular.module('cynoxControllers').controller('CaseUpdateCtrl',                                                                                                                         
ObservableAnalyzeCtrl.js                          7     angular.module('cynoxControllers').controller('ObservableAnalyzeCtrl',                                                                                                                  
ObservableCreationCtrl.js                         7     angular.module('cynoxControllers').controller('ObservableCreationCtrl',                                                                                                                 
ObservablesStatsCtrl.js                           7     angular.module('cynoxControllers').controller('ObservablesStatsCtrl',                                                                                                                   
ObservableUpdateCtrl.js                           3     angular.module('cynoxControllers').controller('ObservableUpdateCtrl',                                                                                                                   
AddProcedureModalCtrl.js                          7     angular.module('cynoxControllers').controller('AddProcedureModalCtrl', function ($rootScope, $scope, $uibModalInstance, NotificationSrv, ProcedureSrv, AttackPatternSrv, caseId) {      
CaseShareModalCtrl.js                             4     angular.module('cynoxControllers')                                                                                                                                                      
AddTaskLogModalCtrl.js                            7     angular.module('cynoxControllers').controller('AddTaskLogModalCtrl', function($rootScope, $scope, $uibModalInstance, TaskLogSrv, NotificationSrv, task, config) {                       
CortexInstanceDialogCtrl.js                       3     angular.module('cynoxControllers')                                                                                                                                                      
ResponderActionDialogCtrl.js                      3     angular.module('cynoxControllers')                                                                                                                                                      
DashboardsCtrl.js                                 5         .module('cynoxControllers')                                                                                                                                                         
DashboardViewCtrl.js                              5         .module('cynoxControllers')                                                                                                                                                         
ResponderSelectorCtrl.js                          4     angular.module('cynoxControllers')                                                                                                                                                      
ServerInstanceDialogCtrl.js                       3     angular.module('cynoxControllers')                                                                                                                                                      
TaxonomySelectionModalCtrl.js                     3     angular.module('cynoxDirectives')                                                                                                                                                       
affixer.js                                        3     angular.module('cynoxDirectives').directive('affixer', function($document, $window) {                                                                                                   
alert-duration.js                                 3     angular.module('cynoxDirectives').directive('alertDuration', function() {                                                                                                               
auto-focus.js                                     3     angular.module('cynoxDirectives').directive('autoFocus', function($timeout) {                                                                                                           
case-duration.js                                  3     angular.module('cynoxDirectives').directive('caseDuration', function() {                                                                                                                
compare-to.js                                     3     angular.module('cynoxDirectives')                                                                                                                                                       
dateTimePicker.js                                 3     angular.module('cynoxDirectives').directive('dateTimePicker', function($interval, moment) {                                                                                             
dt-picker.js                                      3     angular.module('cynoxDirectives').directive('dtPicker', function() {                                                                                                                    
entityLink.js                                     3     angular.module('cynoxDirectives').directive('entityLink', function($compile, EntitySrv, $window) {                                                                                      
fileChooser.js                                    3     angular.module('cynoxDirectives').directive('fileChooser', function() {                                                                                                                 
filter-box.js                                     3     angular.module('cynoxDirectives')                                                                                                                                                       
fixed-height.js                                   3     angular.module('cynoxDirectives').directive('fixedHeight', function($window, $timeout) {                                                                                                
if-not-permission.js                              3     angular.module('cynoxDirectives').directive('ifNotPermission', function(AuthenticationSrv, SecuritySrv) {                                                                               
if-permission.js                                  3     angular.module('cynoxDirectives').directive('ifPermission', function(AuthenticationSrv, SecuritySrv) {                                                                                  
logEntry.js                                       3     angular.module('cynoxDirectives')                                                                                                                                                       
mini-report-list.js                               3     angular.module('cynoxDirectives')                                                                                                                                                       
page-sizer.js                                     3     angular.module('cynoxDirectives')                                                                                                                                                       
permission-list.js                                3     angular.module('cynoxDirectives')                                                                                                                                                       
psearch.js                                        3     angular.module('cynoxDirectives')                                                                                                                                                       
report-observables.js                             3     angular.module('cynoxDirectives').directive('reportObservables', function($q, $filter, $uibModal) {                                                                                     
report.js                                         3     angular.module('cynoxDirectives')                                                                                                                                                       
responder-actions.js                              3     angular.module('cynoxDirectives').directive('responderActions', function() {                                                                                                            
severity.js                                       3     angular.module('cynoxDirectives').directive('severity', function(UtilsSrv) {                                                                                                            
tag-colour.js                                     3     angular.module('cynoxDirectives').directive('tagColour', function ($timeout, TaxonomyCacheSrv, TagSrv) {                                                                                
tag-item.js                                       3     angular.module('cynoxDirectives').directive('tagItem', function (TaxonomyCacheSrv, TagSrv) {                                                                                            
tag-list.js                                       3     angular.module('cynoxDirectives').directive('tagList', function() {                                                                                                                     
task-progress.js                                  3     angular.module('cynoxDirectives')                                                                                                                                                       
tlp.js                                            3     angular.module('cynoxDirectives').directive('tlp', function(UtilsSrv) {                                                                                                                 
updatable.js                                      3     angular.module('cynoxDirectives')                                                                                                                                                       
updatableBoolean.js                               3     angular.module('cynoxDirectives')                                                                                                                                                       
updatableColour.js                                3     angular.module('cynoxDirectives')                                                                                                                                                       
updatableDataDropdown.js                          3     angular.module('cynoxDirectives')                                                                                                                                                       
updatableDate.js                                  3     angular.module('cynoxDirectives')                                                                                                                                                       
updatableSelect.js                                3     angular.module('cynoxDirectives')                                                                                                                                                       
updatableSimpleText.js                            3     angular.module('cynoxDirectives')                                                                                                                                                       
updatableTag.js                                   3     angular.module('cynoxDirectives')                                                                                                                                                       
updatableTagList.js                               3     angular.module('cynoxDirectives')                                                                                                                                                       
updatableTags.js                                  3     angular.module('cynoxDirectives')                                                                                                                                                       
updatableText.js                                  3     angular.module('cynoxDirectives').directive('updatableText', function(UtilsSrv) {                                                                                                       
updatableUser.js                                  3     angular.module('cynoxDirectives')                                                                                                                                                       
user.js                                           3     angular.module('cynoxDirectives')                                                                                                                                                       
userinfo.js                                       3     angular.module('cynoxDirectives')                                                                                                                                                       
c3Chart.js                                        3     angular.module('cynoxDirectives').directive('c3', function(DashboardSrv) {                                                                                                              
bar.js                                            3     angular.module('cynoxDirectives').directive('dashboardBar', function($http, $state, DashboardSrv, NotificationSrv) {                                                                    
counter.js                                        3     angular.module('cynoxDirectives').directive('dashboardCounter', function($q, $http, $state, DashboardSrv, NotificationSrv, GlobalSearchSrv) {                                           
donut.js                                          3     angular.module('cynoxDirectives').directive('dashboardDonut', function($q, StatSrv, $state, DashboardSrv, NotificationSrv, GlobalSearchSrv) {                                           
filter-editor.js                                  3     angular.module('cynoxDirectives').directive('filterEditor', function($q, AuthenticationSrv, TaxonomyCacheSrv, UserSrv, TagSrv, UtilsSrv) {                                              
item.js                                           3     angular.module('cynoxDirectives').directive('dashboardItem', function(DashboardSrv, UserSrv, $uibModal, $timeout) {                                                                     
line.js                                           3     angular.module('cynoxDirectives').directive('dashboardLine', function($http, $state, DashboardSrv, NotificationSrv) {                                                                   
multiline.js                                      3     angular.module('cynoxDirectives').directive('dashboardMultiline', function($http, $state, DashboardSrv, NotificationSrv) {                                                              
text.js                                           3     angular.module('cynoxDirectives').directive('dashboardText', function($q, $http, $state, DashboardSrv, GlobalSearchSrv, NotificationSrv) {                                              
flow-item.js                                      4     angular.module('cynoxDirectives')                                                                                                                                                       
flow.js                                           4     angular.module('cynoxDirectives')                                                                                                                                                       
search-item.js                                    4     angular.module('cynoxDirectives')                                                                                                                                                       
autofocus.js                                      4     angular.module('cynoxDirectives')                                                                                                                                                       
custom-field-value.js                             3     angular.module('cynoxFilters').filter('customFieldValue', function(UiSettingsSrv) {                                                                                                     
duration.js                                       4     angular.module('cynoxFilters').filter('duration', function () {                                                                                                                         
ellipsis.js                                       4     angular.module('cynoxFilters').filter('ellipsis', function () {                                                                                                                         
fang.js                                           3     angular.module('cynoxFilters').filter('fang', function(UtilsSrv) {                                                                                                                      
filesize.js                                       4     angular.module('cynoxFilters')                                                                                                                                                          
filter-value.js                                   4     angular.module('cynoxFilters').filter('filterValue', function(UtilsSrv, UiSettingsSrv) {                                                                                                
flattern-object.js                                4     angular.module('cynoxFilters').filter('flattern', function() {                                                                                                                          
getField.js                                       3     angular.module('cynoxFilters').filter('getField', function() {                                                                                                                          
hash-type.js                                      3     angular.module('cynoxFilters').filter('hashType', function() {                                                                                                                          
limited-count.js                                  4     angular.module('cynoxFilters')                                                                                                                                                          
md5.js                                            3     angular.module('cynoxFilters').filter('md5', function() {                                                                                                                               
offset.js                                         3     angular.module('cynoxFilters').filter('offset', function() {                                                                                                                            
order-object-by.js                                3     angular.module('cynoxFilters')                                                                                                                                                          
percent.js                                        3     angular.module('cynoxFilters').filter('percentage', function($filter) {                                                                                                                 
sha256.js                                         3     angular.module('cynoxFilters').filter('sha256', function() {                                                                                                                            
shortDate.js                                      3     angular.module('cynoxFilters').filter('shortDate', function(UiSettingsSrv) {                                                                                                            
showDate.js                                       3     angular.module('cynoxFilters').filter('showDate', function() {                                                                                                                          
tag-value.js                                      4     angular.module('cynoxFilters').filter('tagValue', function () {                                                                                                                         
urlencode.js                                      4     angular.module('cynoxFilters').filter('escape', function() {                                                                                                                            
AnalyzerInfoSrv.js                                3     angular.module('cynoxServices').factory('AnalyzerInfoSrv', function(AnalyzerSrv) {                                                                                                      
EntitySrv.js                                      3     angular.module('cynoxServices').factory('EntitySrv', function($state) {                                                                                                                 
AlertingSrv.js                                    3     angular.module('cynoxServices')                                                                                                                                                         
AnalyzerSrv.js                                    3     angular.module('cynoxServices')                                                                                                                                                         
AnalyzerTemplateSrv.js                            3     angular.module('cynoxServices')                                                                                                                                                         
AttackPatternSrv.js                               4     angular.module('cynoxServices')                                                                                                                                                         
AuditSrv.js                                       3     angular.module('cynoxServices')                                                                                                                                                         
AuthenticationSrv.js                              4         .module('cynoxServices')                                                                                                                                                            
CaseSrv.js                                        3     angular.module('cynoxServices')                                                                                                                                                         
CaseTaskSrv.js                                    3     angular.module('cynoxServices')                                                                                                                                                         
CaseTemplateSrv.js                                3     angular.module('cynoxServices').service('CaseTemplateSrv', function($q, $http, AuthenticationSrv, OrganisationSrv) {                                                                    
CortexSrv.js                                      3     angular.module('cynoxServices').service('CortexSrv', function($q, $http, $rootScope, $uibModal, QuerySrv, PaginatedQuerySrv, StreamSrv, AnalyzerSrv, PSearchSrv, ModalUtilsSrv) {       
CustomFieldsSrv.js                                3     angular.module('cynoxServices')                                                                                                                                                         
DashboardSrv.js                                   3     angular.module('cynoxServices').service('DashboardSrv', function (QueryBuilderSrv, localStorageService, $q, AuthenticationSrv, $http) {                                                 
JobSrv.js                                         3     angular.module('cynoxServices')                                                                                                                                                         
ListSrv.js                                        3     angular.module('cynoxServices').factory('ListSrv', function($resource) {                                                                                                                
MispSrv.js                                        3     angular.module('cynoxServices')                                                                                                                                                         
ObservableTypeSrv.js                              3     angular.module('cynoxServices')                                                                                                                                                         
OrganisationSrv.js                                3     angular.module('cynoxServices')                                                                                                                                                         
PlatformSrv.js                                    3     angular.module('cynoxServices')                                                                                                                                                         
ProcedureSrv.js                                   3     angular.module('cynoxServices')                                                                                                                                                         
ProfileSrv.js                                     3     angular.module('cynoxServices')                                                                                                                                                         
ProfileSrv.js                                    52                         'accessCynoxFS'                                                                                                                                                     
ProfileSrv.js                                    66                         accessCynoxFS: 'Access to CynoxFS service'                                                                                                                        
TagSrv.js                                         3     angular.module('cynoxServices')                                                                                                                                                         
TaskLogSrv.js                                     3     angular.module('cynoxServices').factory('TaskLogSrv', function(FileResource) {                                                                                                          
TaxonomyCacheSrv.js                               3     angular.module('cynoxServices')                                                                                                                                                         
TaxonomySrv.js                                    3     angular.module('cynoxServices')                                                                                                                                                         
UiSettingsSrv.js                                  3     angular.module('cynoxServices').service('UiSettingsSrv', function($http, $q) {                                                                                                          
UserSrv.js                                        3     angular.module('cynoxServices')                                                                                                                                                         
VersionSrv.js                                     3     angular.module('cynoxServices')                                                                                                                                                         
Constants.js                                      3     angular.module('cynoxServices')                                                                                                                                                         
HtmlSanitizeSrv.js                                3     angular.module('cynoxServices')                                                                                                                                                         
QueryBuilderSrv.js                                3     angular.module('cynoxServices').service('QueryBuilderSrv', function(UtilsSrv) {                                                                                                         
QuerySrv.js                                       3     angular.module('cynoxServices')                                                                                                                                                         
SecuritySrv.js                                    3     angular.module('cynoxServices')                                                                                                                                                         
UtilsSrv.js                                       3     angular.module('cynoxServices')                                                                                                                                                         
CaseArtifactSrv.js                                3     angular.module('cynoxServices')                                                                                                                                                         
FileResource.js                                   4     angular.module('cynoxServices').factory('FileResource',                                                                                                                                 
PaginatedQuerySrv.js                              3     angular.module('cynoxServices')                                                                                                                                                         
PSearchSrv.js                                     3     angular.module('cynoxServices')                                                                                                                                                         
SearchSrv.js                                      3     angular.module('cynoxServices')                                                                                                                                                         
StatSrv.js                                        3     angular.module('cynoxServices')                                                                                                                                                         
StreamQuerySrv.js                                 3     angular.module('cynoxServices')                                                                                                                                                         
StreamSrv.js                                      3     angular.module('cynoxServices').factory('StreamSrv', function ($q, $rootScope, $http, $timeout, UserSrv, AuthenticationSrv, AfkSrv, NotificationSrv, VersionSrv) {                      
StreamStatSrv.js                                  3     angular.module('cynoxServices')                                                                                                                                                         
AppLayoutSrv.js                                   3     angular.module('cynoxServices')                                                                                                                                                         
AppLayoutSrv.js                                  50                 $window.open($state.href('live'), 'CynoxLive', 'width=500,height=700,menubar=no,status=no,toolbar=no,location=no,scrollbars=yes');                                          
FilteringSrv.js                                   3     angular.module('cynoxServices')                                                                                                                                                         
ModalUtilsSrv.js                                  3     angular.module('cynoxServices').service('ModalUtilsSrv', function($uibModal) {                                                                                                          
NotificationSrv.js                                3     angular.module('cynoxServices')                                                                                                                                                         
ModalSrv.js                                      20     angular.module('cynoxServices')                                                                                                                                                         
AfkSrv.js                                         3     angular.module('cynoxServices')                                                                                                                                                         
CaseTabsSrv.js                                    3     angular.module('cynoxServices').service('CaseTabsSrv', function() {                                                                                                                     
ChartSrv.js                                       3     angular.module('cynoxServices')                                                                                                                                                         
GlobalSearchSrv.js                                3     angular.module('cynoxServices').service('GlobalSearchSrv', function(localStorageService) {                                                                                              
header.component.html                           155                             <a href ng-click="aboutCynox()">                                                                                                                                
Cloner.scala                                     12 import org.thp.cynox.models.CynoxSchemaDefinition                                                                                                                                           
Cloner.scala                                     71     implicit val actorSystem: ActorSystem = ActorSystem("CynoxCloner", config)                                                                                                              
Cloner.scala                                     84       val cynoxSchema = new CynoxSchemaDefinition                                                                                                                                         
Cloner.scala                                     88         val expectedVersion = cynoxSchema.operations.operations.length + 1                                                                                                                  
Cloner.scala                                     89         val foundVersion    = sourceDatabase.version(cynoxSchema.name)                                                                                                                      
Cloner.scala                                    126       val models = destDatabase.extraModels ++ cynoxSchema.modelList ++ cortexSchema.modelList                                                                                              
Cloner.scala                                    128       destDatabase.setVersion(cynoxSchema.name, sourceDatabase.version(cynoxSchema.name))                                                                                                 
Migrate.scala                                    51         .text("Cynox3 configuration file"),                                                                                                                                                 
Migrate.scala                                    55         .text("Cynox4 configuration file"),                                                                                                                                                 
Migrate.scala                                    58         .text("Drop Cynox4 database before migration"),                                                                                                                                     
Migrate.scala                                    67         .text("Cynox3 ElasticSearch URI")                                                                                                                                                   
Migrate.scala                                    71         .text("Cynox3 ElasticSearch index name")                                                                                                                                            
Migrate.scala                                    75         .text("Cynox3 ElasticSearch index name version number (default: autodetect)")                                                                                                       
Migrate.scala                                    79         .text("Cynox3 ElasticSearch keepalive")                                                                                                                                             
Migrate.scala                                    82         .text("Cynox3 ElasticSearch page size")                                                                                                                                             
Migrate.scala                                   206     implicit val actorSystem: ActorSystem = ActorSystem("CynoxMigration", config)                                                                                                           
Output.scala                                     15 import org.thp.cynox.connector.cortex.models.{CortexSchemaDefinition, CynoxCortexSchemaProvider}                                                                                            
Output.scala                                     79               schemaBindings.addBinding.to[CynoxSchemaDefinition]                                                                                                                           
Output.scala                                     87               bind[Schema].toProvider[CynoxCortexSchemaProvider]                                                                                                                            
Output.scala                                    112     cynoxSchema: CynoxSchemaDefinition,                                                                                                                                                   
Output.scala                                    169       db.addSchemaIndexes(cynoxSchema)                                                                                                                                                      
Output.scala                                    185       db.setVersion(cynoxSchema.name, cynoxSchema.operations.lastVersion)                                                                                                                 
Output.scala                                    211     db.addSchemaIndexes(cynoxSchema)                                                                                                                                                        
MispModule.scala                                  8 import org.thp.cynox.services.{Connector => CynoxConnector}                                                                                                                                 
MispModule.scala                                 19     val connectorBindings = ScalaMultibinder.newSetBinder[CynoxConnector](binder)                                                                                                           
Connector.scala                                   8 import org.thp.cynox.services.{Connector => CynoxConnector}                                                                                                                                 
Connector.scala                                  17     extends CynoxConnector {                                                                                                                                                                
Connector.scala                                  20   val clientsConfig: ConfigItem[Seq[CynoxMispClientConfig], Seq[CynoxMispClient]] =                                                                                                       
Connector.scala                                  21     appConfig.mapItem[Seq[CynoxMispClientConfig], Seq[CynoxMispClient]]("misp.servers", "", _.map(new CynoxMispClient(_, mat)))                                                         
Connector.scala                                  22   def clients: Seq[CynoxMispClient] = clientsConfig.get                                                                                                                                     
MispExportSrv.scala                              82   def getMispClient(mispId: String): Future[CynoxMispClient] =                                                                                                                              
MispExportSrv.scala                              86       .fold[Future[CynoxMispClient]](Future.failed(NotFoundError(s"MISP server $mispId not found"))) {                                                                                      
MispExportSrv.scala                             121   def createEvent(client: CynoxMispClient, `case`: Case with Entity, attributes: Seq[Attribute], extendsEvent: Option[String])(implicit                                                     
MispExportSrv.scala                             143   def createAlert(client: CynoxMispClient, `case`: Case with Entity, eventId: String)(implicit                                                                                              
MispExportSrv.scala                             172   def canExport(client: CynoxMispClient)(implicit authContext: AuthContext): Boolean =                                                                                                      
MispImportSrv.scala                              49   def eventToAlert(client: CynoxMispClient, event: Event, organisationId: EntityId): Try[Alert] =                                                                                           
MispImportSrv.scala                             180   def getLastSyncDate(client: CynoxMispClient, mispOrganisation: String, organisations: Seq[Organisation with Entity])(implicit                                                             
MispImportSrv.scala                             288       client: CynoxMispClient,                                                                                                                                                              
MispImportSrv.scala                             379       client: CynoxMispClient,                                                                                                                                                              
MispImportSrv.scala                             433   def syncMispEvents(client: CynoxMispClient): Unit =                                                                                                                                       
CynoxMispClient.scala                          19 case class CynoxMispClientConfig(                                                                                                                                                           
CynoxMispClient.scala                          35     includedCynoxOrganisations: Seq[String] = Seq("*"),                                                                                                                                     
CynoxMispClient.scala                          36     excludedCynoxOrganisations: Seq[String] = Nil                                                                                                                                           
CynoxMispClient.scala                          39 object CynoxMispClientConfig {                                                                                                                                                              
CynoxMispClient.scala                          42   val reads: Reads[CynoxMispClientConfig] = {                                                                                                                                               
CynoxMispClient.scala                          59       includedCynoxOrganisations <- (JsPath \ "includedCynoxOrganisations").readWithDefault[Seq[String]](Seq("*"))                                                                        
CynoxMispClient.scala                          60       excludedCynoxOrganisations <- (JsPath \ "excludedCynoxOrganisations").readWithDefault[Seq[String]](Nil)                                                                             
CynoxMispClient.scala                          61     } yield CynoxMispClientConfig(                                                                                                                                                          
CynoxMispClient.scala                          77       includedCynoxOrganisations,                                                                                                                                                           
CynoxMispClient.scala                          78       excludedCynoxOrganisations                                                                                                                                                            
CynoxMispClient.scala                          81   val writes: Writes[CynoxMispClientConfig] = Writes[CynoxMispClientConfig] { cfg =>                                                                                                      
CynoxMispClient.scala                          95       "includedCynoxOrganisations" -> cfg.includedCynoxOrganisations,                                                                                                                     
CynoxMispClient.scala                          96       "excludedCynoxOrganisations" -> cfg.excludedCynoxOrganisations                                                                                                                      
CynoxMispClient.scala                          99   implicit val format: Format[CynoxMispClientConfig] = Format[CynoxMispClientConfig](reads, writes)                                                                                       
CynoxMispClient.scala                         102 class CynoxMispClient(                                                                                                                                                                      
CynoxMispClient.scala                         118     includedCynoxOrganisations: Seq[String],                                                                                                                                                
CynoxMispClient.scala                         119     excludedCynoxOrganisations: Seq[String]                                                                                                                                                 
CynoxMispClient.scala                         133   @Inject() def this(config: CynoxMispClientConfig, mat: Materializer) =                                                                                                                    
CynoxMispClient.scala                         150       config.includedCynoxOrganisations,                                                                                                                                                    
CynoxMispClient.scala                         151       config.excludedCynoxOrganisations                                                                                                                                                     
CynoxMispClient.scala                         162       if (includedCynoxOrganisations.contains("*") || includedCynoxOrganisations.isEmpty) organisationSteps                                                                               
CynoxMispClient.scala                         163       else organisationSteps.has(_.name, P.within(includedCynoxOrganisations: _*))                                                                                                          
CynoxMispClient.scala                         164     if (excludedCynoxOrganisations.isEmpty) includedOrgs                                                                                                                                    
CynoxMispClient.scala                         165     else includedOrgs.has(_.name, P.without(excludedCynoxOrganisations: _*))                                                                                                                
MispImportSrvTest.scala                          29       .bindToProvider[CynoxMispClient, TestMispClientProvider]                                                                                                                              
MispImportSrvTest.scala                          33       await(app[CynoxMispClient].getCurrentUser) must beEqualTo(User("1", "1", "admin@admin.test"))                                                                                         
MispImportSrvTest.scala                          37       await(app[CynoxMispClient].getOrganisation("1")) must beEqualTo(                                                                                                                      
MispImportSrvTest.scala                          43       app[CynoxMispClient].currentOrganisationName must beSuccessfulTry("ORGNAME")                                                                                                          
MispImportSrvTest.scala                          47       val events = app[CynoxMispClient]                                                                                                                                                     
MispImportSrvTest.scala                          75         app[MispImportSrv].syncMispEvents(app[CynoxMispClient])                                                                                                                             
TestMispClientProvider.scala                     16     extends Provider[CynoxMispClient] {                                                                                                                                                     
TestMispClientProvider.scala                     54   override def get(): CynoxMispClient =                                                                                                                                                     
TestMispClientProvider.scala                     55     new CynoxMispClient(                                                                                                                                                                    
TestMispClientProvider.scala                     71       includedCynoxOrganisations = Seq("*"),                                                                                                                                                
TestMispClientProvider.scala                     72       excludedCynoxOrganisations = Nil                                                                                                                                                      
CynoxModule.scala                              16 import org.thp.cynox.controllers.v0.{QueryExecutorVersion0Provider, CynoxQueryExecutor => CynoxQueryExecutorV0}                                                                           
CynoxModule.scala                              17 import org.thp.cynox.controllers.v1.{CynoxQueryExecutor => CynoxQueryExecutorV1}                                                                                                          
CynoxModule.scala                              18 import org.thp.cynox.models.{CynoxSchemaDefinition, UseHashToIndex}                                                                                                                         
CynoxModule.scala                              29 class CynoxModule(environment: Environment, configuration: Configuration) extends AbstractModule with ScalaModule with AkkaGuiceSupport {                                                   
CynoxModule.scala                              79     routerBindings.addBinding.toProvider[CynoxRouter]                                                                                                                                       
CynoxModule.scala                              81     queryExecutorBindings.addBinding.to[CynoxQueryExecutorV0]                                                                                                                               
CynoxModule.scala                              82     queryExecutorBindings.addBinding.to[CynoxQueryExecutorV1]                                                                                                                               
CynoxModule.scala                              86     schemaBindings.addBinding.to[CynoxSchemaDefinition]                                                                                                                                     
CynoxRouter.scala                              13 class CynoxRouter @Inject() (                                                                                                                                                               
Router.scala                                     68       .authPermittedRoTransaction(db, Permissions.accessCynoxFS) { implicit request => implicit graph =>                                                                                    
Router.scala                                    105       .authPermittedRoTransaction(db, Permissions.accessCynoxFS) { request => implicit graph =>                                                                                             
Router.scala                                    132       .authPermittedRoTransaction(db, Permissions.accessCynoxFS) { implicit request => implicit graph =>                                                                                    
StatsCtrl.scala                                  29     queryExecutor: CynoxQueryExecutor,                                                                                                                                                      
StatusCtrl.scala                                  9 import org.thp.cynox.CynoxModule                                                                                                                                                            
StatusCtrl.scala                                 48               "Cynox"     -> getVersion(classOf[CynoxModule]),                                                                                                                              
CynoxQueryExecutor.scala                       41 class CynoxQueryExecutor @Inject() (                                                                                                                                                        
StatusCtrl.scala                                 12 import org.thp.cynox.CynoxModule                                                                                                                                                            
StatusCtrl.scala                                 64               "Cynox"     -> getVersion(classOf[CynoxModule]),                                                                                                                              
CynoxQueryExecutor.scala                       35 class CynoxQueryExecutor @Inject() (                                                                                                                                                        
Permissions.scala                                 6   lazy val accessCynoxFS: PermissionDesc          = PermissionDesc("accessCynoxFS", "Access to CynoxFS", "organisation")                                                                
Permissions.scala                                31       accessCynoxFS,                                                                                                                                                                        
Role.scala                                       30       Permissions.accessCynoxFS,                                                                                                                                                            
CynoxSchemaDefinition.scala                    26 class CynoxSchemaDefinition @Inject() extends Schema with UpdatableSchema {                                                                                                                 
CynoxSchemaDefinition.scala                    72     .updateGraph("Add accessCynoxFS permission to analyst and org-admin profiles", "Profile") { traversal =>                                                                                
CynoxSchemaDefinition.scala                    75         .onRaw(_.property(Cardinality.set: Cardinality, "permissions", "accessCynoxFS", Nil: _*)) // Nil is for disambiguate the overloaded methods                                         
Webhook.scala                                    36     includedCynoxOrganisations: Seq[String] = Seq("*"),                                                                                                                                     
Webhook.scala                                    37     excludedCynoxOrganisations: Seq[String] = Nil                                                                                                                                           
Webhook.scala                                    40     (includedCynoxOrganisations.contains("*") ||                                                                                                                                            
Webhook.scala                                    41       includedCynoxOrganisations.isEmpty ||                                                                                                                                                 
Webhook.scala                                    42       includedCynoxOrganisations.contains(organisation.name)) &&                                                                                                                            
Webhook.scala                                    43       !excludedCynoxOrganisations.contains(organisation.name)                                                                                                                               
reference-overrides.conf                         17 play.modules.enabled += org.thp.cynox.CynoxModule                                                                                                                                           
FunctionalTest.scala                             22 //import org.thp.cynox.client.CynoxClient                                                                                                                                                   
FunctionalTest.scala                            133 //      lazy val client                        = new CynoxClient(s"http://127.0.0.1:${server.runningHttpPort.get}")                                                                         
FunctionalTest.scala                            145 //            new CynoxModule(Environment.simple(), dbConfig),                                                                                                                              
TestAppBuilder.scala                             14 import org.thp.cynox.controllers.v0.CynoxQueryExecutor                                                                                                                                      
TestAppBuilder.scala                             15 import org.thp.cynox.models.CynoxSchemaDefinition                                                                                                                                           
TestAppBuilder.scala                             36       .bind[Schema, CynoxSchemaDefinition]                                                                                                                                                  
TestAppBuilder.scala                             38       .multiBind[UpdatableSchema](classOf[CynoxSchemaDefinition])                                                                                                                           
TestAppBuilder.scala                             39       .bindNamed[QueryExecutor, CynoxQueryExecutor]("v0")                                                                                                                                   
TestAppBuilder.scala                             70       .addConfiguration("play.modules.disabled = [org.thp.scalligraph.ScalligraphModule, org.thp.cynox.CynoxModule]")                                                                       
StatusCtrlTest.scala                              6 import org.thp.cynox.{TestAppBuilder, CynoxModule}                                                                                                                                          
StatusCtrlTest.scala                             48           "Cynox"     -> getVersion(classOf[CynoxModule]),                                                                                                                                  
GraphqlTest.scala                                29 //      .bind[Schema, CynoxSchema]                                                                                                                                                          
GraphqlTest.scala                                30 //      .addConfiguration("play.modules.disabled = [org.thp.scalligraph.ScalligraphModule, org.thp.cynox.CynoxModule]")                                                                     
GraphqlTest.scala                                40 //    val queryExecutor: CynoxQueryExecutor = app.instanceOf[CynoxQueryExecutor]                                                                                                          
UserCtrlTest.scala                              115           Permissions.accessCynoxFS,                                                                                                                                                        
CaseSrvTest.scala                                71             Permissions.accessCynoxFS                                                                                                                                                       
CaseSrvTest.scala                               117             Permissions.accessCynoxFS                                                                                                                                                       



